{"cameraMode":{"drawMode":0,"name":"Shaded","section":"Shading Mode"},"sceneLighting":true,"audioPlay":false,"sceneViewState":{"m_AlwaysRefresh":false,"showFog":true,"showSkybox":true,"showFlares":true,"showImageEffects":true,"showParticleSystems":true,"showVisualEffectGraphs":true,"m_FxEnabled":true},"in2DMode":false,"pivot":{"x":-0.355793833732605,"y":-1.1009197235107422,"z":-3.6715574264526369},"rotation":{"x":-0.0014226966304704548,"y":0.9683234691619873,"z":-0.2496371567249298,"w":-0.005518461111932993},"size":4.087945461273193,"orthographic":false}