{"cameraMode":{"drawMode":0,"name":"Shaded","section":"Shading Mode"},"sceneLighting":false,"audioPlay":false,"sceneViewState":{"m_AlwaysRefresh":false,"showFog":true,"showSkybox":false,"showFlares":true,"showImageEffects":true,"showParticleSystems":true,"showVisualEffectGraphs":true,"m_FxEnabled":true},"in2DMode":false,"pivot":{"x":2.737110137939453,"y":0.4627003073692322,"z":-0.4531673192977905},"rotation":{"x":0.015343589708209038,"y":0.8224867582321167,"z":-0.022212563082575799,"w":0.5681437253952026},"size":2.364574909210205,"orthographic":false}